{
  "n_train": 75072200,
  "n_val": 10000,
  "mae_s": 151.49881197932024,
  "mae_min": 2.5249801996553374,
  "n_negative": 0,
  "by_bucket": {
    "0_500m": 44.93504408264633,
    "500m_2km": 78.37497910984156,
    "2km_plus": 184.76249363164393
  },
  "p50_s": 111.55110218244442,
  "p90_s": 340.2317185022134,
  "p99_s": 593.9282931042912,
  "model_version": "a1_v1780418444",
  "training_time_s": 2.5546958446502686,
  "ramal_ids": [
    "382202",
    "382203",
    "382208",
    "382209",
    "382210",
    "382211",
    "frac_382202",
    "frac_382203",
    "frac_382208",
    "frac_382209",
    "frac_382210",
    "frac_382211"
  ],
  "model_path": "data\\ml\\models\\a1_v1780418444.pkl"
}