{
  "n_train": 71508368,
  "n_val": 500000,
  "mae_s": 157.1144712319448,
  "mae_min": 2.6185745205324134,
  "n_negative": 0,
  "by_bucket": {
    "0_500m": 63.812806829689634,
    "500m_2km": 91.4120174706141,
    "2km_plus": 181.44637971679214
  },
  "p50_s": 105.5484977758801,
  "p90_s": 348.7063951686604,
  "p99_s": 782.219928077654,
  "model_version": "a1_v1780449159",
  "training_time_s": 7.210499286651611,
  "ramal_ids": [
    "382202",
    "382203",
    "382208",
    "382209",
    "382210",
    "382211",
    "frac_382202",
    "frac_382203",
    "frac_382208",
    "frac_382209",
    "frac_382210",
    "frac_382211"
  ],
  "model_path": "data\\ml\\models\\a1_v1780449164.pkl"
}