{
  "n_train": 75072200,
  "n_val": 500000,
  "mae_s": 387.2761132126631,
  "mae_min": 6.454601886877719,
  "n_negative": 0,
  "by_bucket": {
    "0_500m": 2451.5641008801663,
    "500m_2km": 96.69294881335281,
    "2km_plus": 206.14822066900902
  },
  "p50_s": 118.67300269536008,
  "p90_s": 455.1005008189809,
  "p99_s": 8081.682095857494,
  "model_version": "a1_v1780430842",
  "training_time_s": 7.936773777008057,
  "ramal_ids": [
    "382202",
    "382203",
    "382208",
    "382209",
    "382210",
    "382211",
    "frac_382202",
    "frac_382203",
    "frac_382208",
    "frac_382209",
    "frac_382210",
    "frac_382211"
  ],
  "model_path": "data\\ml\\models\\a1_v1780430847.pkl"
}