{
  "n_train": 11261540,
  "n_val": 10000,
  "mae_s": 116.14393748232959,
  "mae_min": 1.9357322913721597,
  "n_negative": 0,
  "by_bucket": {
    "0_500m": 38.357719885626075,
    "500m_2km": 54.91910974090407,
    "2km_plus": 136.95478000863275
  },
  "p50_s": 74.29786148203766,
  "p90_s": 305.6449205912952,
  "p99_s": 472.01467763694654,
  "model_version": "a1_v1780275175",
  "training_time_s": 0.7134449481964111,
  "ramal_ids": [
    "382202",
    "382203",
    "382208",
    "382209",
    "382210",
    "382211",
    "frac_382202",
    "frac_382203",
    "frac_382208",
    "frac_382209",
    "frac_382210",
    "frac_382211"
  ],
  "model_path": "data\\ml\\models\\a1_v1780275175.pkl"
}